application_id,job_id,student_id,applied_date
1,1,1001,02-03-2026
2,2,1002,03-03-2026
3,3,1003,04-03-2026
4,4,1004,05-03-2026
5,5,1005,06-03-2026
6,6,1006,07-03-2026
7,7,1007,08-03-2026
8,8,1008,09-03-2026
9,9,1009,10-03-2026
10,10,1010,11-03-2026
11,11,1011,12-03-2026
12,12,1012,13-03-2026
13,13,1013,14-03-2026
14,14,1014,15-03-2026
15,15,1015,16-03-2026
16,16,1016,17-03-2026
17,17,1017,18-03-2026
18,18,1018,19-03-2026
19,19,1019,20-03-2026
20,20,1020,21-03-2026
21,21,1021,22-03-2026
22,22,1022,23-03-2026
23,23,1023,24-03-2026
24,24,1024,25-03-2026
25,25,1025,26-03-2026
26,26,1026,27-03-2026
27,27,1027,28-03-2026
28,28,1028,29-03-2026
29,29,1029,30-03-2026
30,30,1030,01-03-2026
31,31,1031,02-03-2026
32,32,1032,03-03-2026
33,33,1033,04-03-2026
34,34,1034,05-03-2026
35,35,1035,06-03-2026
36,36,1036,07-03-2026
37,37,1037,08-03-2026
38,38,1038,09-03-2026
39,39,1039,10-03-2026
40,40,1040,11-03-2026
41,41,1041,12-03-2026
42,42,1042,13-03-2026
43,43,1043,14-03-2026
44,44,1044,15-03-2026
45,45,1045,16-03-2026
46,46,1046,17-03-2026
47,47,1047,18-03-2026
48,48,1048,19-03-2026
49,49,1049,20-03-2026
50,50,1050,21-03-2026
51,51,1051,22-03-2026
52,52,1052,23-03-2026
53,53,1053,24-03-2026
54,54,1054,25-03-2026
55,55,1055,26-03-2026
56,56,1056,27-03-2026
57,57,1057,28-03-2026
58,58,1058,29-03-2026
59,59,1059,30-03-2026
60,60,1060,01-03-2026
61,61,1061,02-03-2026
62,62,1062,03-03-2026
63,63,1063,04-03-2026
64,64,1064,05-03-2026
65,65,1065,06-03-2026
66,66,1066,07-03-2026
67,67,1067,08-03-2026
68,68,1068,09-03-2026
69,69,1069,10-03-2026
70,70,1070,11-03-2026
71,71,1071,12-03-2026
72,72,1072,13-03-2026
73,73,1073,14-03-2026
74,74,1074,15-03-2026
75,75,1075,16-03-2026
76,76,1076,17-03-2026
77,77,1077,18-03-2026
78,78,1078,19-03-2026
79,79,1079,20-03-2026
80,80,1080,21-03-2026
81,81,1081,22-03-2026
82,82,1082,23-03-2026
83,83,1083,24-03-2026
84,84,1084,25-03-2026
85,85,1085,26-03-2026
86,86,1086,27-03-2026
87,87,1087,28-03-2026
88,88,1088,29-03-2026
89,89,1089,30-03-2026
90,90,1090,01-03-2026
91,91,1091,02-03-2026
92,92,1092,03-03-2026
93,93,1093,04-03-2026
94,94,1094,05-03-2026
95,95,1095,06-03-2026
96,96,1096,07-03-2026
97,97,1097,08-03-2026
98,98,1098,09-03-2026
99,99,1099,10-03-2026
100,100,1100,11-03-2026
101,1,1101,12-03-2026
102,2,1102,13-03-2026
103,3,1103,14-03-2026
104,4,1104,15-03-2026
105,5,1105,16-03-2026
106,6,1106,17-03-2026
107,7,1107,18-03-2026
108,8,1108,19-03-2026
109,9,1109,20-03-2026
110,10,1110,21-03-2026
111,11,1111,22-03-2026
112,12,1112,23-03-2026
113,13,1113,24-03-2026
114,14,1114,25-03-2026
115,15,1115,26-03-2026
116,16,1116,27-03-2026
117,17,1117,28-03-2026
118,18,1118,29-03-2026
119,19,1119,30-03-2026
120,20,1120,01-03-2026
121,21,1121,02-03-2026
122,22,1122,03-03-2026
123,23,1123,04-03-2026
124,24,1124,05-03-2026
125,25,1125,06-03-2026
126,26,1126,07-03-2026
127,27,1127,08-03-2026
128,28,1128,09-03-2026
129,29,1129,10-03-2026
130,30,1130,11-03-2026
131,31,1131,12-03-2026
132,32,1132,13-03-2026
133,33,1133,14-03-2026
134,34,1134,15-03-2026
135,35,1135,16-03-2026
136,36,1136,17-03-2026
137,37,1137,18-03-2026
138,38,1138,19-03-2026
139,39,1139,20-03-2026
140,40,1140,21-03-2026
141,41,1141,22-03-2026
142,42,1142,23-03-2026
143,43,1143,24-03-2026
144,44,1144,25-03-2026
145,45,1145,26-03-2026
146,46,1146,27-03-2026
147,47,1147,28-03-2026
148,48,1148,29-03-2026
149,49,1149,30-03-2026
150,50,1150,01-03-2026
151,51,1151,02-03-2026
152,52,1152,03-03-2026
153,53,1153,04-03-2026
154,54,1154,05-03-2026
155,55,1155,06-03-2026
156,56,1156,07-03-2026
157,57,1157,08-03-2026
158,58,1158,09-03-2026
159,59,1159,10-03-2026
160,60,1160,11-03-2026
161,61,1161,12-03-2026
162,62,1162,13-03-2026
163,63,1163,14-03-2026
164,64,1164,15-03-2026
165,65,1165,16-03-2026
166,66,1166,17-03-2026
167,67,1167,18-03-2026
168,68,1168,19-03-2026
169,69,1169,20-03-2026
170,70,1170,21-03-2026
171,71,1171,22-03-2026
172,72,1172,23-03-2026
173,73,1173,24-03-2026
174,74,1174,25-03-2026
175,75,1175,26-03-2026
176,76,1176,27-03-2026
177,77,1177,28-03-2026
178,78,1178,29-03-2026
179,79,1179,30-03-2026
180,80,1180,01-03-2026
181,81,1181,02-03-2026
182,82,1182,03-03-2026
183,83,1183,04-03-2026
184,84,1184,05-03-2026
185,85,1185,06-03-2026
186,86,1186,07-03-2026
187,87,1187,08-03-2026
188,88,1188,09-03-2026
189,89,1189,10-03-2026
190,90,1190,11-03-2026
191,91,1191,12-03-2026
192,92,1192,13-03-2026
193,93,1193,14-03-2026
194,94,1194,15-03-2026
195,95,1195,16-03-2026
196,96,1196,17-03-2026
197,97,1197,18-03-2026
198,98,1198,19-03-2026
199,99,1199,20-03-2026
200,100,1200,21-03-2026
201,1,1201,22-03-2026
202,2,1202,23-03-2026
203,3,1203,24-03-2026
204,4,1204,25-03-2026
205,5,1205,26-03-2026
206,6,1206,27-03-2026
207,7,1207,28-03-2026
208,8,1208,29-03-2026
209,9,1209,30-03-2026
210,10,1210,01-03-2026
211,11,1211,02-03-2026
212,12,1212,03-03-2026
213,13,1213,04-03-2026
214,14,1214,05-03-2026
215,15,1215,06-03-2026
216,16,1216,07-03-2026
217,17,1217,08-03-2026
218,18,1218,09-03-2026
219,19,1219,10-03-2026
220,20,1220,11-03-2026
221,21,1221,12-03-2026
222,22,1222,13-03-2026
223,23,1223,14-03-2026
224,24,1224,15-03-2026
225,25,1225,16-03-2026
226,26,1226,17-03-2026
227,27,1227,18-03-2026
228,28,1228,19-03-2026
229,29,1229,20-03-2026
230,30,1230,21-03-2026
231,31,1231,22-03-2026
232,32,1232,23-03-2026
233,33,1233,24-03-2026
234,34,1234,25-03-2026
235,35,1235,26-03-2026
236,36,1236,27-03-2026
237,37,1237,28-03-2026
238,38,1238,29-03-2026
239,39,1239,30-03-2026
240,40,1240,01-03-2026
241,41,1241,02-03-2026
242,42,1242,03-03-2026
243,43,1243,04-03-2026
244,44,1244,05-03-2026
245,45,1245,06-03-2026
246,46,1246,07-03-2026
247,47,1247,08-03-2026
248,48,1248,09-03-2026
249,49,1249,10-03-2026
250,50,1250,11-03-2026
251,51,1251,12-03-2026
252,52,1252,13-03-2026
253,53,1253,14-03-2026
254,54,1254,15-03-2026
255,55,1255,16-03-2026
256,56,1256,17-03-2026
257,57,1257,18-03-2026
258,58,1258,19-03-2026
259,59,1259,20-03-2026
260,60,1260,21-03-2026
261,61,1261,22-03-2026
262,62,1262,23-03-2026
263,63,1263,24-03-2026
264,64,1264,25-03-2026
265,65,1265,26-03-2026
266,66,1266,27-03-2026
267,67,1267,28-03-2026
268,68,1268,29-03-2026
269,69,1269,30-03-2026
270,70,1270,01-03-2026
271,71,1271,02-03-2026
272,72,1272,03-03-2026
273,73,1273,04-03-2026
274,74,1274,05-03-2026
275,75,1275,06-03-2026
276,76,1276,07-03-2026
277,77,1277,08-03-2026
278,78,1278,09-03-2026
279,79,1279,10-03-2026
280,80,1280,11-03-2026
281,81,1281,12-03-2026
282,82,1282,13-03-2026
283,83,1283,14-03-2026
284,84,1284,15-03-2026
285,85,1285,16-03-2026
286,86,1286,17-03-2026
287,87,1287,18-03-2026
288,88,1288,19-03-2026
289,89,1289,20-03-2026
290,90,1290,21-03-2026
291,91,1291,22-03-2026
292,92,1292,23-03-2026
293,93,1293,24-03-2026
294,94,1294,25-03-2026
295,95,1295,26-03-2026
296,96,1296,27-03-2026
297,97,1297,28-03-2026
298,98,1298,29-03-2026
299,99,1299,30-03-2026
300,100,1300,01-03-2026
301,1,1301,02-03-2026
302,2,1302,03-03-2026
303,3,1303,04-03-2026
304,4,1304,05-03-2026
305,5,1305,06-03-2026
306,6,1306,07-03-2026
307,7,1307,08-03-2026
308,8,1308,09-03-2026
309,9,1309,10-03-2026
310,10,1310,11-03-2026
311,11,1311,12-03-2026
312,12,1312,13-03-2026
313,13,1313,14-03-2026
314,14,1314,15-03-2026
315,15,1315,16-03-2026
316,16,1316,17-03-2026
317,17,1317,18-03-2026
318,18,1318,19-03-2026
319,19,1319,20-03-2026
320,20,1320,21-03-2026
321,21,1321,22-03-2026
322,22,1322,23-03-2026
323,23,1323,24-03-2026
324,24,1324,25-03-2026
325,25,1325,26-03-2026
326,26,1326,27-03-2026
327,27,1327,28-03-2026
328,28,1328,29-03-2026
329,29,1329,30-03-2026
330,30,1330,01-03-2026
331,31,1331,02-03-2026
332,32,1332,03-03-2026
333,33,1333,04-03-2026
334,34,1334,05-03-2026
335,35,1335,06-03-2026
336,36,1336,07-03-2026
337,37,1337,08-03-2026
338,38,1338,09-03-2026
339,39,1339,10-03-2026
340,40,1340,11-03-2026
341,41,1341,12-03-2026
342,42,1342,13-03-2026
343,43,1343,14-03-2026
344,44,1344,15-03-2026
345,45,1345,16-03-2026
346,46,1346,17-03-2026
347,47,1347,18-03-2026
348,48,1348,19-03-2026
349,49,1349,20-03-2026
350,50,1350,21-03-2026
351,51,1351,22-03-2026
352,52,1352,23-03-2026
353,53,1353,24-03-2026
354,54,1354,25-03-2026
355,55,1355,26-03-2026
356,56,1356,27-03-2026
357,57,1357,28-03-2026
358,58,1358,29-03-2026
359,59,1359,30-03-2026
360,60,1360,01-03-2026
361,61,1361,02-03-2026
362,62,1362,03-03-2026
363,63,1363,04-03-2026
364,64,1364,05-03-2026
365,65,1365,06-03-2026
366,66,1366,07-03-2026
367,67,1367,08-03-2026
368,68,1368,09-03-2026
369,69,1369,10-03-2026
370,70,1370,11-03-2026
371,71,1371,12-03-2026
372,72,1372,13-03-2026
373,73,1373,14-03-2026
374,74,1374,15-03-2026
375,75,1375,16-03-2026
376,76,1376,17-03-2026
377,77,1377,18-03-2026
378,78,1378,19-03-2026
379,79,1379,20-03-2026
380,80,1380,21-03-2026
381,81,1381,22-03-2026
382,82,1382,23-03-2026
383,83,1383,24-03-2026
384,84,1384,25-03-2026
385,85,1385,26-03-2026
386,86,1386,27-03-2026
387,87,1387,28-03-2026
388,88,1388,29-03-2026
389,89,1389,30-03-2026
390,90,1390,01-03-2026
391,91,1391,02-03-2026
392,92,1392,03-03-2026
393,93,1393,04-03-2026
394,94,1394,05-03-2026
395,95,1395,06-03-2026
396,96,1396,07-03-2026
397,97,1397,08-03-2026
398,98,1398,09-03-2026
399,99,1399,10-03-2026
400,100,1400,11-03-2026
401,1,1401,12-03-2026
402,2,1402,13-03-2026
403,3,1403,14-03-2026
404,4,1404,15-03-2026
405,5,1405,16-03-2026
406,6,1406,17-03-2026
407,7,1407,18-03-2026
408,8,1408,19-03-2026
409,9,1409,20-03-2026
410,10,1410,21-03-2026
411,11,1411,22-03-2026
412,12,1412,23-03-2026
413,13,1413,24-03-2026
414,14,1414,25-03-2026
415,15,1415,26-03-2026
416,16,1416,27-03-2026
417,17,1417,28-03-2026
418,18,1418,29-03-2026
419,19,1419,30-03-2026
420,20,1420,01-03-2026
421,21,1421,02-03-2026
422,22,1422,03-03-2026
423,23,1423,04-03-2026
424,24,1424,05-03-2026
425,25,1425,06-03-2026
426,26,1426,07-03-2026
427,27,1427,08-03-2026
428,28,1428,09-03-2026
429,29,1429,10-03-2026
430,30,1430,11-03-2026
431,31,1431,12-03-2026
432,32,1432,13-03-2026
433,33,1433,14-03-2026
434,34,1434,15-03-2026
435,35,1435,16-03-2026
436,36,1436,17-03-2026
437,37,1437,18-03-2026
438,38,1438,19-03-2026
439,39,1439,20-03-2026
440,40,1440,21-03-2026
441,41,1441,22-03-2026
442,42,1442,23-03-2026
443,43,1443,24-03-2026
444,44,1444,25-03-2026
445,45,1445,26-03-2026
446,46,1446,27-03-2026
447,47,1447,28-03-2026
448,48,1448,29-03-2026
449,49,1449,30-03-2026
450,50,1450,01-03-2026
451,51,1451,02-03-2026
452,52,1452,03-03-2026
453,53,1453,04-03-2026
454,54,1454,05-03-2026
455,55,1455,06-03-2026
456,56,1456,07-03-2026
457,57,1457,08-03-2026
458,58,1458,09-03-2026
459,59,1459,10-03-2026
460,60,1460,11-03-2026
461,61,1461,12-03-2026
462,62,1462,13-03-2026
463,63,1463,14-03-2026
464,64,1464,15-03-2026
465,65,1465,16-03-2026
466,66,1466,17-03-2026
467,67,1467,18-03-2026
468,68,1468,19-03-2026
469,69,1469,20-03-2026
470,70,1470,21-03-2026
471,71,1471,22-03-2026
472,72,1472,23-03-2026
473,73,1473,24-03-2026
474,74,1474,25-03-2026
475,75,1475,26-03-2026
476,76,1476,27-03-2026
477,77,1477,28-03-2026
478,78,1478,29-03-2026
479,79,1479,30-03-2026
480,80,1480,01-03-2026
481,81,1481,02-03-2026
482,82,1482,03-03-2026
483,83,1483,04-03-2026
484,84,1484,05-03-2026
485,85,1485,06-03-2026
486,86,1486,07-03-2026
487,87,1487,08-03-2026
488,88,1488,09-03-2026
489,89,1489,10-03-2026
490,90,1490,11-03-2026
491,91,1491,12-03-2026
492,92,1492,13-03-2026
493,93,1493,14-03-2026
494,94,1494,15-03-2026
495,95,1495,16-03-2026
496,96,1496,17-03-2026
497,97,1497,18-03-2026
498,98,1498,19-03-2026
499,99,1499,20-03-2026
500,100,1500,21-03-2026
