interview_id,application_id,interview_date
1,1,10-03-2026
2,2,11-03-2026
3,3,12-03-2026
4,4,13-03-2026
5,5,14-03-2026
6,6,15-03-2026
7,7,16-03-2026
8,8,17-03-2026
9,9,18-03-2026
10,10,19-03-2026
11,11,20-03-2026
12,12,21-03-2026
13,13,22-03-2026
14,14,23-03-2026
15,15,24-03-2026
16,16,25-03-2026
17,17,26-03-2026
18,18,27-03-2026
19,19,28-03-2026
20,20,29-03-2026
21,21,30-03-2026
22,22,31-03-2026
23,23,01-04-2026
24,24,02-04-2026
25,25,03-04-2026
26,26,04-04-2026
27,27,05-04-2026
28,28,06-04-2026
29,29,07-04-2026
30,30,09-03-2026
31,31,10-03-2026
32,32,11-03-2026
33,33,12-03-2026
34,34,13-03-2026
35,35,14-03-2026
36,36,15-03-2026
37,37,16-03-2026
38,38,17-03-2026
39,39,18-03-2026
40,40,19-03-2026
41,41,20-03-2026
42,42,21-03-2026
43,43,22-03-2026
44,44,23-03-2026
45,45,24-03-2026
46,46,25-03-2026
47,47,26-03-2026
48,48,27-03-2026
49,49,28-03-2026
50,50,29-03-2026
51,51,30-03-2026
52,52,31-03-2026
53,53,01-04-2026
54,54,02-04-2026
55,55,03-04-2026
56,56,04-04-2026
57,57,05-04-2026
58,58,06-04-2026
59,59,07-04-2026
60,60,09-03-2026
61,61,10-03-2026
62,62,11-03-2026
63,63,12-03-2026
64,64,13-03-2026
65,65,14-03-2026
66,66,15-03-2026
67,67,16-03-2026
68,68,17-03-2026
69,69,18-03-2026
70,70,19-03-2026
71,71,20-03-2026
72,72,21-03-2026
73,73,22-03-2026
74,74,23-03-2026
75,75,24-03-2026
76,76,25-03-2026
77,77,26-03-2026
78,78,27-03-2026
79,79,28-03-2026
80,80,29-03-2026
