application_id,shortlisted_id,shortlisted_date
1,1,05-03-2026
2,2,06-03-2026
3,3,07-03-2026
4,4,08-03-2026
5,5,09-03-2026
6,6,10-03-2026
7,7,11-03-2026
8,8,12-03-2026
9,9,13-03-2026
10,10,14-03-2026
11,11,15-03-2026
12,12,16-03-2026
13,13,17-03-2026
14,14,18-03-2026
15,15,19-03-2026
16,16,20-03-2026
17,17,21-03-2026
18,18,22-03-2026
19,19,23-03-2026
20,20,24-03-2026
21,21,25-03-2026
22,22,26-03-2026
23,23,27-03-2026
24,24,28-03-2026
25,25,29-03-2026
26,26,30-03-2026
27,27,31-03-2026
28,28,01-04-2026
29,29,02-04-2026
30,30,04-03-2026
31,31,05-03-2026
32,32,06-03-2026
33,33,07-03-2026
34,34,08-03-2026
35,35,09-03-2026
36,36,10-03-2026
37,37,11-03-2026
38,38,12-03-2026
39,39,13-03-2026
40,40,14-03-2026
41,41,15-03-2026
42,42,16-03-2026
43,43,17-03-2026
44,44,18-03-2026
45,45,19-03-2026
46,46,20-03-2026
47,47,21-03-2026
48,48,22-03-2026
49,49,23-03-2026
50,50,24-03-2026
51,51,25-03-2026
52,52,26-03-2026
53,53,27-03-2026
54,54,28-03-2026
55,55,29-03-2026
56,56,30-03-2026
57,57,31-03-2026
58,58,01-04-2026
59,59,02-04-2026
60,60,04-03-2026
61,61,05-03-2026
62,62,06-03-2026
63,63,07-03-2026
64,64,08-03-2026
65,65,09-03-2026
66,66,10-03-2026
67,67,11-03-2026
68,68,12-03-2026
69,69,13-03-2026
70,70,14-03-2026
71,71,15-03-2026
72,72,16-03-2026
73,73,17-03-2026
74,74,18-03-2026
75,75,19-03-2026
76,76,20-03-2026
77,77,21-03-2026
78,78,22-03-2026
79,79,23-03-2026
80,80,24-03-2026
81,81,25-03-2026
82,82,26-03-2026
83,83,27-03-2026
84,84,28-03-2026
85,85,29-03-2026
86,86,30-03-2026
87,87,31-03-2026
88,88,01-04-2026
89,89,02-04-2026
90,90,04-03-2026
91,91,05-03-2026
92,92,06-03-2026
93,93,07-03-2026
94,94,08-03-2026
95,95,09-03-2026
96,96,10-03-2026
97,97,11-03-2026
98,98,12-03-2026
99,99,13-03-2026
100,100,14-03-2026
101,101,15-03-2026
102,102,16-03-2026
103,103,17-03-2026
104,104,18-03-2026
105,105,19-03-2026
106,106,20-03-2026
107,107,21-03-2026
108,108,22-03-2026
109,109,23-03-2026
110,110,24-03-2026
111,111,25-03-2026
112,112,26-03-2026
113,113,27-03-2026
114,114,28-03-2026
115,115,29-03-2026
116,116,30-03-2026
117,117,31-03-2026
118,118,01-04-2026
119,119,02-04-2026
120,120,04-03-2026
121,121,05-03-2026
122,122,06-03-2026
123,123,07-03-2026
124,124,08-03-2026
125,125,09-03-2026
126,126,10-03-2026
127,127,11-03-2026
128,128,12-03-2026
129,129,13-03-2026
130,130,14-03-2026
131,131,15-03-2026
132,132,16-03-2026
133,133,17-03-2026
134,134,18-03-2026
135,135,19-03-2026
136,136,20-03-2026
137,137,21-03-2026
138,138,22-03-2026
139,139,23-03-2026
140,140,24-03-2026
141,141,25-03-2026
142,142,26-03-2026
143,143,27-03-2026
144,144,28-03-2026
145,145,29-03-2026
146,146,30-03-2026
147,147,31-03-2026
148,148,01-04-2026
149,149,02-04-2026
150,150,04-03-2026
